Jogador,Nacao,Posicao,Equipe,Idade,Jogos_disputados,Jogos_iniciados,Gols,Assistencias,Penaltis_batidos,Penaltis_convertidos,Amarelos,Vermelhos,Xg,Xag,Carregadas_progressivas,Passes_progressivos,Passes_progressivos_recebidos
Nabil Aberdin,fr FRA,ZG,Getafe,20,2,2,0,0,0,0,0,0,0.0,0.0,0,7,0
Abner,br BRA,ZG,Betis,23,23,15,0,1,0,0,3,0,0.1,1.0,14,33,58
Abdel Abqar,ma MAR,ZG,Alavés,24,27,27,0,0,0,0,10,0,0.5,0.2,7,49,1
Marcos Acuña,ar ARG,ZG,Sevilla,31,21,18,1,2,0,0,7,0,0.3,1.5,23,59,42
Julen Agirrezabala,es ESP,G,Athletic Club,22,4,2,0,0,0,0,0,0,0.0,0.0,0,0,0
Lucien Agoume,fr FRA,LT,Sevilla,21,12,9,0,0,0,0,3,0,0.9,0.6,7,35,9
Joseph Aidoo,gh GHA,ZG,Celta Vigo,27,6,4,0,0,0,0,0,0,0.1,0.1,2,12,0
Ilias Akhomach,ma MAR,"LT,AT",Villarreal,19,31,17,2,2,0,0,4,0,3.2,2.6,68,45,160
Sergio Akieme,es ESP,ZG,Almería,25,19,19,2,0,0,0,2,0,1.2,2.2,27,28,72
Paul Akouokou,ci CIV,LT,Betis,25,2,0,0,0,0,0,0,0,0.0,0.0,0,1,0
David Alaba,at AUT,ZG,Real Madrid,31,14,14,0,1,0,0,2,0,1.0,0.7,9,51,13
Raúl Albiol,es ESP,ZG,Villarreal,37,26,24,0,1,0,0,6,0,0.4,0.8,8,62,0
Rubén Alcaraz,es ESP,LT,Cádiz,32,36,36,3,1,2,2,14,0,3.3,1.4,27,154,37
Omar Alderete,py PAR,ZG,Getafe,26,31,24,0,1,0,0,8,1,1.2,1.0,23,98,9
Iván Alejo,es ESP,LT,Cádiz,28,30,21,0,2,0,0,17,0,0.5,1.3,48,31,104
Carles Aleñá,es ESP,LT,Getafe,25,29,10,1,1,0,0,6,0,1.2,1.6,12,23,45
Mohamed Ali Cho,fr FRA,"AT,LT",Real Sociedad,19,11,1,0,0,0,0,0,0,0.4,0.1,16,3,19
Tadeo Allende,ar ARG,"LT,AT",Celta Vigo,24,10,2,1,0,0,0,1,0,1.2,0.4,9,7,25
Domingos André Ribeiro Almeida,pt POR,"AT,LT",Valencia,23,18,12,2,1,0,0,0,0,0.6,1.2,24,50,33
Marcos Alonso,es ESP,ZG,Barcelona,32,5,3,0,0,0,0,0,0,0.1,0.5,11,14,33
Adrià Altimira,es ESP,"ZG,LT",Villarreal,22,11,10,0,0,0,0,3,0,0.0,0.1,10,29,15
Sergi Altimira,es ESP,LT,Betis,21,14,6,1,0,0,0,1,0,0.2,0.3,10,31,8
Gastón Álvarez,uy URU,ZG,Getafe,23,34,29,2,0,0,0,7,0,0.7,0.6,11,63,40
Hugo Álvarez,es ESP,"LT,ZG",Celta Vigo,20,12,8,1,1,0,0,1,0,1.0,1.5,36,34,80
Yeray Álvarez,es ESP,ZG,Athletic Club,28,19,14,0,0,0,0,1,1,0.3,0.1,13,55,2
Selim Amallah,ma MAR,"AT,LT",Valencia,26,20,7,0,1,0,0,5,1,0.4,0.3,7,21,36
Amath,sn SEN,"AT,LT",Mallorca,27,15,3,0,0,0,0,2,0,1.6,0.4,19,13,30
Miguel Ángel Rubio,es ESP,ZG,Granada,25,19,17,1,0,0,0,5,0,0.8,0.1,7,27,1
Fabrizio Angileri,ar ARG,"ZG,LT",Getafe,29,11,2,0,0,0,0,2,1,0.0,1.3,2,7,6
Mauro Arambarri,uy URU,LT,Getafe,27,7,3,0,0,0,0,2,0,0.5,0.0,2,20,6
Jon Aramburu,ve VEN,ZG,Real Sociedad,21,11,5,0,0,0,0,3,0,0.1,0.0,6,26,25
Julian Araujo,mx MEX,ZG,Las Palmas,21,25,15,1,0,0,0,5,0,0.7,1.2,23,74,47
Ronald Araújo,uy URU,ZG,Barcelona,24,25,21,1,2,0,0,6,0,2.1,1.4,24,101,11
Adu Ares,es ESP,AT,Athletic Club,21,12,2,0,0,0,0,2,0,0.1,0.0,13,3,39
Jesús Areso,es ESP,ZG,Osasuna,24,37,29,1,6,0,0,3,0,0.2,3.6,78,106,180
Matias Arezo,uy URU,AT,Granada,20,14,3,0,0,0,0,1,0,1.2,0.1,6,5,17
Iñigo Arguibide,es ESP,ZG,Osasuna,18,1,0,0,0,0,0,0,0,0.0,0.0,0,0,0
José Arnaiz,es ESP,"AT,LT",Osasuna,28,26,9,2,1,0,0,3,0,1.7,1.8,23,11,85
Sergio Arribas,es ESP,"LT,AT",Almería,21,34,22,9,4,0,0,1,0,8.6,3.7,56,81,94
Kepa Arrizabalaga,es ESP,G,Real Madrid,28,14,13,0,0,0,0,1,0,0.0,0.0,0,0,0
Iago Aspas,es ESP,AT,Celta Vigo,35,35,31,9,10,3,5,6,1,11.5,10.1,84,161,202
Ezequiel Ávila,ar ARG,"AT,LT",Osasuna,29,17,10,1,3,0,0,3,2,2.0,2.3,14,39,75
Ezequiel Ávila,ar ARG,AT,Betis,29,6,4,1,0,0,0,4,1,0.7,0.1,7,6,31
César Azpilicueta,es ESP,ZG,Atlético Madrid,33,25,14,0,2,0,0,4,0,0.6,2.4,39,77,39
Iddrisu Baba,gh GHA,LT,Almería,27,25,14,0,0,0,0,5,0,0.7,0.6,1,60,5
Srđan Babić,rs SRB,ZG,Almería,27,1,1,0,0,0,0,0,0,0.0,0.0,1,6,0
Loïc Bade,fr FRA,ZG,Sevilla,23,28,27,0,1,0,0,5,1,0.9,0.5,15,76,3
Alex Baena,es ESP,"LT,AT",Villarreal,22,34,33,2,14,0,1,11,1,7.9,9.2,84,165,181
Eric Bailly,ci CIV,ZG,Villarreal,29,10,9,0,0,0,0,4,0,0.2,0.0,3,18,1
Cédric Bakambu,cd COD,AT,Betis,32,4,2,0,0,0,0,1,0,0.4,0.3,5,4,12
Alejandro Balde,es ESP,ZG,Barcelona,19,18,15,0,1,0,0,1,0,0.1,1.2,73,41,141
Iván Balliu,al ALB,ZG,Rayo Vallecano,31,33,32,0,1,0,0,4,0,0.7,2.6,50,98,100
Jonathan Bamba,ci CIV,"LT,AT",Celta Vigo,27,27,24,3,2,0,0,0,0,3.0,4.7,107,80,169
Léo Baptistão,br BRA,AT,Almería,30,32,22,6,0,0,0,6,1,5.3,1.8,26,45,88
Kike Barja,es ESP,"AT,LT",Osasuna,26,16,3,0,0,0,0,3,0,0.2,0.5,17,8,41
Ander Barrenetxea,es ESP,"AT,LT",Real Sociedad,21,29,20,4,1,0,0,1,0,3.5,1.3,56,39,163
Pablo Barrios,es ESP,LT,Atlético Madrid,20,24,17,0,1,0,0,5,0,0.9,1.9,37,98,56
Marc Bartra,es ESP,ZG,Betis,32,3,3,0,0,0,0,1,0,0.2,0.0,2,5,0
Augusto Batalla,ar ARG,G,Granada,27,17,17,0,0,0,0,3,0,0.0,0.0,0,1,1
Bebé,cv CPV,"LT,AT",Rayo Vallecano,33,19,0,2,0,1,1,1,0,1.4,0.2,17,6,24
Sheraldo Becker,sr SUR,"AT,LT",Real Sociedad,28,15,8,2,2,0,0,1,0,1.4,1.8,28,13,87
Héctor Bellerín,es ESP,ZG,Betis,28,23,20,0,1,0,0,0,1,0.2,1.6,32,81,80
Jude Bellingham,eng ENG,LT,Real Madrid,20,28,27,19,6,1,1,5,1,11.1,5.3,85,196,177
Fran Beltrán,es ESP,LT,Celta Vigo,24,33,28,0,0,0,0,2,0,0.7,1.1,28,134,30
Carlos Benavídez,uy URU,LT,Alavés,25,29,10,3,1,0,0,5,0,1.0,0.5,9,60,5
Yuri Berchiche,es ESP,ZG,Athletic Club,33,27,22,3,1,0,0,5,0,0.9,1.6,36,132,77
Álex Berenguer,es ESP,AT,Athletic Club,28,35,15,7,3,1,1,4,0,5.2,3.7,61,30,143
Isaac Bernal,es ESP,AT,Sevilla,23,14,14,4,4,0,0,2,0,7.3,1.7,31,16,64
Antonio Blanco,es ESP,LT,Alavés,23,33,29,0,1,0,0,5,1,0.8,1.2,20,133,22
Daley Blind,nl NED,ZG,Girona,33,34,33,1,2,0,0,6,0,1.7,1.1,48,209,22
Adri Bosch,es ESP,ZG,Granada,22,1,0,0,0,0,0,0,0,0.0,0.0,1,1,1
Yassine Bounou,ma MAR,G,Sevilla,32,1,1,0,0,0,0,0,0,0.0,0.0,0,0,0
Lucas Boyé,ar ARG,AT,Granada,27,31,30,6,3,0,0,8,1,6.2,2.8,36,65,131
Juan Brandáriz,es ESP,ZG,Almería,24,31,26,0,1,0,0,4,0,1.0,1.4,11,68,4
Darko Brašanac,rs SRB,LT,Osasuna,31,2,0,0,0,0,0,0,0,0.0,0.0,2,1,3
Brau,es ESP,ZG,Granada,21,1,0,0,0,0,0,0,0,0.0,0.0,2,0,0
Claudio Bravo,cl CHI,G,Betis,40,7,7,0,0,0,0,0,0,0.0,0.0,0,1,0
Ben Brereton,cl CHI,"AT,LT",Villarreal,24,14,2,0,0,0,0,2,0,0.2,0.3,6,14,35
Ante Budimir,hr CRO,AT,Osasuna,32,33,29,17,2,3,4,4,0,14.2,1.8,21,42,99
Pablo Busto,es ESP,ZG,Betis,17,2,0,0,0,0,0,0,0,0.0,0.2,1,1,1
José Callejón,es ESP,"LT,AT",Granada,36,25,7,0,1,0,0,2,0,1.3,1.5,10,35,50
Eduardo Camavinga,fr FRA,"LT,ZG",Real Madrid,20,31,21,0,2,0,0,9,0,0.9,1.4,49,106,31
Sergio Camello,es ESP,AT,Rayo Vallecano,22,31,20,3,1,0,0,3,0,4.5,1.3,22,41,79
José Campaña,es ESP,LT,Las Palmas,30,8,1,0,0,0,0,0,0,0.0,0.0,1,15,4
João Cancelo,pt POR,ZG,Barcelona,29,32,29,2,4,0,0,7,0,1.6,6.1,106,141,193
Sergi Canós,es ESP,"LT,AT",Valencia,26,27,15,1,2,0,0,1,0,2.8,2.4,32,52,88
Étienne Capoue,fr FRA,LT,Villarreal,35,32,15,1,1,0,0,8,0,1.0,0.6,24,80,38
Isaac Carcelen,es ESP,ZG,Cádiz,30,35,29,0,0,0,0,2,0,0.6,1.0,25,75,70
Cárdenas,es ESP,G,Rayo Vallecano,26,1,1,0,0,0,0,0,0,0.0,0.0,0,0,0
Marc Cardona,es ESP,AT,Las Palmas,28,25,6,4,1,1,1,4,0,4.2,1.1,10,13,74
Sergi Cardona,es ESP,ZG,Las Palmas,24,35,30,1,2,0,0,11,0,2.7,2.8,60,160,165
Johnny Cardoso,us USA,LT,Betis,21,17,15,1,2,0,0,3,0,1.1,0.5,10,45,11
Carmona,es ESP,"ZG,LT",Getafe,21,30,15,1,1,0,0,8,0,0.8,1.0,29,39,55
Yannick Carrasco,be BEL,ZG,Atlético Madrid,29,3,3,0,1,0,0,0,0,0.1,0.2,9,6,17
Álvaro Carreras,es ESP,"LT,AT",Granada,20,13,5,0,0,0,0,1,0,0.4,0.4,13,14,31
Dani Carvajal,es ESP,ZG,Real Madrid,31,28,25,4,3,0,0,5,1,1.7,2.7,30,82,168
William Carvalho,pt POR,LT,Betis,31,22,4,1,3,0,0,2,0,0.4,0.7,12,58,12
Marc Casado,es ESP,LT,Barcelona,19,2,0,0,0,0,0,0,0,0.0,0.0,1,1,0
Catena,es ESP,ZG,Osasuna,28,30,28,1,3,0,0,8,1,1.3,1.0,5,77,1
Dani Ceballos,es ESP,"LT,AT",Real Madrid,26,20,5,0,2,0,0,2,0,0.3,1.5,16,47,23
Álex Centelles,es ESP,ZG,Almería,25,14,11,0,1,0,0,2,0,0.0,1.6,16,31,53
Franco Cervi,ar ARG,"LT,ZG",Celta Vigo,29,17,5,0,1,0,0,2,0,0.5,2.0,16,24,36
Pep Chavarría,es ESP,"ZG,LT",Rayo Vallecano,25,22,12,1,1,0,0,6,1,1.0,0.7,28,74,84
Andreas Christensen,dk DEN,"ZG,LT",Barcelona,27,30,27,2,2,0,0,4,0,1.0,1.1,24,117,6
Víctor Chust,es ESP,ZG,Cádiz,23,22,22,0,1,0,0,3,2,0.3,0.3,10,80,2
Pathé Ciss,sn SEN,LT,Rayo Vallecano,29,31,16,1,0,0,0,10,0,1.5,0.5,14,84,22
Silvi Clúa,es ESP,LT,Girona,18,1,0,0,0,0,0,0,0,0.0,0.0,0,0,0
Saúl Coco,gq EQG,ZG,Las Palmas,24,30,26,1,0,0,0,6,1,1.1,0.0,9,69,1
Santi Comesaña,es ESP,LT,Villarreal,26,27,20,2,0,0,0,8,2,1.9,2.0,23,92,48
Copete,es ESP,ZG,Mallorca,23,19,17,1,1,0,0,7,0,0.5,0.8,3,52,2
Francis Coquelin,fr FRA,LT,Villarreal,32,17,10,0,0,0,0,4,0,0.1,0.1,5,47,14
Theo Corbeanu,ca CAN,"LT,AT",Granada,21,9,2,1,0,0,0,2,0,0.3,0.0,5,5,13
Jesús Corona,mx MEX,"LT,ZG",Sevilla,30,2,0,0,0,0,0,0,0,0.0,0.0,0,0,4
Ángel Correa,ar ARG,"AT,LT",Atlético Madrid,28,32,14,9,2,1,1,3,0,7.9,3.6,40,61,128
Thierry Correia,pt POR,ZG,Valencia,24,31,25,0,2,0,0,4,1,0.6,2.1,40,80,56
Jaume Costa,es ESP,ZG,Mallorca,35,30,19,0,1,0,0,7,0,0.3,1.2,34,50,104
Samu Costa,pt POR,LT,Mallorca,22,34,26,1,1,0,0,8,0,1.1,0.5,16,93,32
Thibaut Courtois,be BEL,G,Real Madrid,31,4,4,0,0,0,0,0,0,0.0,0.1,0,0,0
Yan Couto,br BRA,"ZG,AT",Girona,21,34,24,1,8,0,0,8,0,1.5,4.2,151,97,240
Crespo,pt POR,LT,Rayo Vallecano,26,15,4,0,0,0,0,4,0,0.1,1.0,13,30,20
Cristian,es ESP,G,Valencia,25,1,0,0,0,0,0,0,0,0.0,0.0,0,0,0
Juan Cruz Armada,es ESP,ZG,Osasuna,31,26,18,0,1,0,0,3,0,0.0,0.4,16,77,29
Juan Cruz,es ESP,AT,Betis,23,5,0,0,0,0,0,0,0,0.1,0.0,2,3,10
Pau Cubarsí,es ESP,ZG,Barcelona,16,19,18,0,0,0,0,4,0,0.1,0.4,8,75,2
Iván Cuéllar,es ESP,G,Mallorca,39,1,1,0,0,0,0,0,0,0.0,0.0,0,0,0
Jorge Cuenca,es ESP,ZG,Villarreal,23,29,21,3,1,0,0,7,0,1.2,0.2,11,78,30
Eric Curbelo,es ESP,"ZG,LT",Las Palmas,29,2,1,0,0,0,0,0,0,0.0,0.0,0,4,0
Alberto Dadie,es ESP,LT,Real Sociedad,21,1,0,0,0,0,0,0,0,0.0,0.0,0,0,0
Sergi Darder,es ESP,LT,Mallorca,29,36,21,2,5,0,0,4,0,2.2,6.4,56,132,75
Rodrigo De Paul,ar ARG,LT,Atlético Madrid,29,34,25,3,5,0,0,7,0,1.8,5.0,73,202,55
Mouctar Diakhaby,gn GUI,"ZG,LT",Valencia,26,14,12,1,0,0,0,6,0,0.7,0.0,7,29,1
Moussa Diakité,ml MLI,LT,Cádiz,19,1,0,0,0,0,0,0,0,0.0,0.0,0,0,0
Assane Diao,es ESP,AT,Betis,17,18,13,2,0,0,0,4,0,2.5,0.7,33,20,101
Brahim Díaz,ma MAR,"AT,LT",Real Madrid,23,31,18,8,6,0,0,0,0,5.7,4.4,76,75,166
Víctor Díaz,es ESP,"ZG,LT",Granada,35,4,2,0,0,0,0,1,0,0.0,0.0,0,2,0
Famara Diedhiou,sn SEN,"AT,LT",Granada,30,8,0,0,1,0,0,1,0,0.5,0.2,5,0,19
Stole Dimitrievski,mk MKD,G,Rayo Vallecano,29,37,37,0,0,0,0,2,0,0.0,0.1,0,0,0
Djené,tg TOG,"ZG,LT",Getafe,31,33,30,0,0,0,0,14,1,0.1,0.3,13,98,19
Marko Dmitrović,rs SRB,G,Sevilla,31,13,13,0,0,0,0,1,0,0.0,0.0,0,1,0
Jaume Doménech,es ESP,G,Valencia,32,2,1,0,0,0,0,0,0,0.0,0.0,0,0,0
Carlos Dominguez,es ESP,ZG,Celta Vigo,22,22,18,0,0,0,0,2,0,0.3,0.1,11,63,3
Mario Dominguez,es ESP,AT,Valencia,19,3,0,0,0,0,0,0,0,0.2,0.0,0,1,1
Carlos Dotor,es ESP,LT,Celta Vigo,22,17,7,0,0,0,0,2,0,0.2,0.1,3,30,12
Anastasios Douvikas,gr GRE,AT,Celta Vigo,23,32,7,7,1,0,0,2,0,4.6,1.3,10,13,53
Artem Dovbyk,ua UKR,AT,Girona,26,36,32,24,8,7,8,2,0,24.2,6.2,18,26,118
Domingos Duarte,pt POR,ZG,Getafe,28,15,11,0,0,0,0,5,2,0.3,0.1,7,47,0
Rubén Duarte,es ESP,ZG,Alavés,27,28,21,2,1,0,0,7,0,0.7,1.5,16,81,39
Hugo Duro,es ESP,AT,Valencia,23,37,35,13,2,0,0,4,0,11.5,1.3,27,34,157
Aritz Elustondo,es ESP,ZG,Real Sociedad,29,15,7,0,1,0,0,2,0,0.3,0.6,4,31,2
Adri Embarba,es ESP,"AT,LT",Almería,31,36,29,3,2,1,1,5,0,4.3,4.4,94,58,167
Youssef En-Nesyri,ma MAR,AT,Sevilla,26,33,28,16,2,1,1,4,0,10.8,1.3,17,17,81
Gonzalo Escalante,ar ARG,LT,Cádiz,30,25,18,1,2,0,0,2,1,1.9,1.7,4,66,14
Aarón Escandell,es ESP,G,Las Palmas,27,2,1,0,0,0,0,0,1,0.0,0.0,0,0,0
Alfonso Espino,uy URU,ZG,Rayo Vallecano,31,31,29,0,1,0,0,9,0,1.0,2.8,41,113,89
Bernardo Espinosa,co COL,ZG,Girona,34,2,0,0,0,0,0,0,0,0.0,0.0,0,0,0
Karl Etta,cm CMR,AT,Cádiz,19,1,0,0,0,0,0,0,0,0.0,0.0,0,0,1
Abdessamad Ezzalzouli,ma MAR,"AT,LT",Barcelona,21,2,0,0,0,0,0,0,0,0.2,0.1,7,1,12
Abdessamad Ezzalzouli,ma MAR,AT,Betis,21,26,6,1,0,0,1,1,0,3.0,0.3,57,25,89
Radamel Falcao,co COL,"AT,ZG",Rayo Vallecano,37,22,2,1,0,1,1,4,0,2.7,0.3,7,7,23
Fali,es ESP,ZG,Cádiz,29,30,30,0,0,0,0,12,0,0.8,0.1,16,82,10
Ansu Fati,es ESP,"LT,AT",Barcelona,20,3,0,0,0,0,0,0,0,0.7,0.0,6,4,5
Nabil Fekir,fr FRA,"LT,AT",Betis,30,19,10,1,2,0,0,1,0,2.2,2.3,32,67,77
Luiz Felipe,it ITA,ZG,Betis,26,4,4,0,0,0,0,1,0,0.1,0.2,0,4,0
João Félix,pt POR,AT,Barcelona,23,30,18,7,3,0,0,3,0,8.7,3.1,69,68,169
Kiko Femenía,es ESP,ZG,Villarreal,32,23,16,0,0,0,0,8,1,0.0,0.6,46,100,45
Aitor Fernández,es ESP,G,Osasuna,32,7,6,0,0,0,0,2,0,0.0,0.0,0,1,0
Álex Fernández,es ESP,LT,Cádiz,30,26,14,0,1,0,0,3,0,0.3,0.8,11,52,26
Carlos Fernández,es ESP,AT,Real Sociedad,27,10,5,2,1,1,1,3,0,1.5,0.5,5,4,13
Raúl Fernández,es ESP,G,Granada,35,4,4,0,0,0,0,0,0,0.0,0.0,0,0,0
Valery Fernández,es ESP,"LT,AT",Girona,23,27,2,2,0,0,0,1,0,0.7,0.8,20,12,54
Fernando,es ESP,G,Almería,33,4,4,0,0,0,0,0,0,0.0,0.0,0,0,0
Fernando,br BRA,LT,Sevilla,36,8,5,0,0,0,0,0,0,0.0,0.3,5,24,7
André Ferreira,pt POR,G,Granada,27,15,14,0,0,0,0,1,0,0.0,0.0,0,0,0
Rachad Fettal,ma MAR,AT,Almería,18,1,0,0,0,0,0,0,0,0.1,0.0,0,0,2
Pablo Fornals,es ESP,"AT,LT",Betis,27,15,14,3,2,0,0,2,0,1.8,1.6,37,89,82
Héctor Fort,es ESP,ZG,Barcelona,16,7,4,0,2,0,0,0,0,0.0,0.8,3,7,38
Dimitri Foulquier,fr FRA,"ZG,LT",Valencia,30,33,19,0,0,0,0,3,0,0.6,1.2,42,72,64
Juan Foyth,ar ARG,ZG,Villarreal,25,12,12,1,1,0,0,1,0,0.4,0.9,19,51,28
Jorge de Frutos,es ESP,"AT,LT",Rayo Vallecano,26,36,14,2,0,0,0,1,0,2.6,1.4,42,40,144
Daniel Fuzato,br BRA,G,Getafe,26,1,0,0,0,0,0,0,0,0.0,0.0,0,0,0
Matteo Gabbia,it ITA,ZG,Villarreal,23,7,6,0,0,0,0,2,0,0.0,0.1,1,9,0
Javi Galán,es ESP,ZG,Atlético Madrid,28,5,0,0,0,0,0,1,0,0.0,0.1,3,4,13
Javi Galán,es ESP,ZG,Real Sociedad,28,14,13,0,1,0,0,3,0,0.1,0.7,46,45,70
Iñigo Ruiz de Galarreta,es ESP,LT,Athletic Club,29,29,25,1,1,0,0,7,0,0.3,2.3,26,147,36
Aleix García,es ESP,LT,Girona,26,37,36,3,6,0,0,4,1,1.8,5.5,58,294,52
Álvaro García,es ESP,"AT,LT",Rayo Vallecano,30,32,30,6,1,0,0,8,1,6.2,3.0,56,63,252
Dani García,es ESP,LT,Athletic Club,33,17,7,1,0,0,0,4,0,0.8,0.2,3,36,4
David García,es ESP,ZG,Osasuna,29,27,27,0,1,0,0,5,0,1.0,1.3,21,133,4
Eric García,es ESP,ZG,Barcelona,22,2,0,0,0,0,0,1,0,0.0,0.0,0,5,0
Eric García,es ESP,ZG,Girona,22,30,30,5,0,0,0,4,0,2.8,0.5,45,221,18
Fran Garcia,es ESP,ZG,Real Madrid,23,25,15,1,5,0,0,2,0,0.5,2.4,53,60,139
Francisco Jesús Crespo García,es ESP,AT,Las Palmas,27,17,6,2,0,0,0,1,0,1.3,0.6,17,20,66
Gonzalo García,es ESP,"AT,LT",Real Madrid,19,2,0,0,0,0,0,0,0,0.0,0.0,1,0,3
Jastin García,es ESP,AT,Girona,19,3,0,0,0,0,0,0,0,0.0,0.0,2,2,8
Raúl García,es ESP,"AT,LT",Athletic Club,37,20,1,1,0,0,0,3,0,0.9,0.0,4,19,15
Rubén García,es ESP,"AT,LT",Osasuna,30,30,19,3,2,0,0,1,0,2.3,3.3,16,59,117
Santiago García,,AT,Getafe,21,1,0,0,0,0,0,0,0,0.0,0.0,1,2,1
Unai García,es ESP,ZG,Osasuna,31,9,6,1,0,0,0,6,1,0.1,0.0,2,12,1
Federico Gattoni,ar ARG,"ZG,AT",Sevilla,24,2,0,0,0,0,0,0,0,0.0,0.0,0,0,0
Gavi,es ESP,"LT,AT",Barcelona,18,12,10,1,1,0,0,5,0,0.9,1.1,26,39,38
Paulo Gazzaniga,ar ARG,G,Girona,31,38,38,0,0,0,0,2,0,0.0,0.7,0,0,0
David Gil,es ESP,G,Cádiz,29,5,4,0,0,0,0,1,0,0.0,0.0,0,0,0
Maxi Gómez,uy URU,AT,Cádiz,26,31,12,0,0,0,0,2,0,1.6,0.6,13,11,54
Moi Gómez,es ESP,"LT,AT",Osasuna,29,28,23,3,0,0,0,3,0,1.7,0.9,36,127,69
Unai Gómez,es ESP,LT,Athletic Club,20,25,9,2,0,0,0,1,0,1.5,0.7,20,28,48
Édgar González,es ESP,"ZG,LT",Almería,26,31,30,2,0,0,0,7,1,2.3,0.3,6,72,6
Fabio González,es ESP,LT,Las Palmas,26,6,1,0,0,0,0,1,0,0.0,0.0,0,9,2
Giovanni González,uy URU,ZG,Mallorca,28,34,27,1,1,0,0,6,0,0.5,1.4,28,91,95
Hugo González,es ESP,"LT,AT",Valencia,20,9,0,0,1,0,0,0,0,0.0,0.5,2,2,7
Iñaki González,es ESP,LT,Las Palmas,19,1,0,0,0,0,0,0,0,0.0,0.0,0,0,0
Peter González,do DOM,"LT,AT",Valencia,21,15,5,0,0,0,0,1,0,1.7,1.0,19,16,48
Urko González,es ESP,LT,Real Sociedad,22,5,2,0,0,0,0,1,0,0.1,0.0,1,6,1
Andoni Gorosabel,es ESP,ZG,Alavés,26,36,33,1,0,0,0,6,0,0.7,1.3,58,117,121
Pablo Gozalbez,es ESP,"LT,AT",Valencia,22,5,1,0,0,0,0,0,0,0.0,0.0,0,0,5
Mason Greenwood,eng ENG,"LT,AT",Getafe,21,33,30,8,6,2,3,6,1,8.8,4.6,127,89,239
Dominik Greif,sk SVK,G,Mallorca,26,1,1,0,0,0,0,0,0,0.0,0.0,0,0,0
Antoine Griezmann,fr FRA,"AT,LT",Atlético Madrid,32,33,31,16,6,4,4,5,0,12.3,5.6,43,118,196
Vicente Guaita,es ESP,G,Celta Vigo,36,27,26,0,0,0,0,2,0,0.0,0.0,0,0,0
Andrés Guardado,mx MEX,LT,Betis,36,12,4,0,0,0,0,2,0,0.1,0.2,5,36,6
Sergi Guardiola,es ESP,"AT,LT",Cádiz,32,22,1,1,1,0,0,1,0,1.8,0.8,10,19,32
Nemanja Gudelj,rs SRB,"ZG,LT",Sevilla,31,22,20,1,1,0,0,7,0,0.8,0.4,23,73,5
Gonçalo Guedes,pt POR,"AT,LT",Villarreal,26,17,9,3,2,0,0,0,0,2.3,1.5,38,50,88
Javier Guerra,es ESP,LT,Valencia,20,36,28,4,1,0,0,3,1,2.7,0.9,47,81,68
Ander Guevara,es ESP,LT,Alavés,26,37,33,1,0,0,0,7,0,0.7,0.9,53,187,37
Hugo Guillamón,es ESP,LT,Valencia,23,26,12,1,0,0,0,7,0,0.2,0.4,6,65,10
Marc Guiu,es ESP,"AT,LT",Barcelona,17,3,1,1,0,0,0,1,0,0.8,0.3,1,1,8
Arda Güler,tr TUR,"AT,LT",Real Madrid,18,10,4,6,0,0,0,1,0,1.4,0.1,16,17,25
Gerard Gumbau,es ESP,LT,Granada,28,35,31,0,3,0,0,12,0,1.8,4.0,20,135,29
İlkay Gündoğan,de GER,LT,Barcelona,32,36,33,5,9,1,2,5,0,7.3,10.3,71,224,116
Jon Guridi,es ESP,LT,Alavés,28,36,34,3,4,0,0,2,0,4.0,3.5,30,117,92
Gorka Guruzeta,es ESP,AT,Athletic Club,26,32,30,14,5,0,1,2,0,11.6,2.4,18,55,102
Miguel Gutiérrez,es ESP,ZG,Girona,22,35,35,2,7,0,0,4,0,2.8,7.5,74,146,184
Munir El Haddadi,ma MAR,AT,Las Palmas,27,38,32,3,2,0,1,3,0,4.3,1.9,26,78,167
Ianis Hagi,ro ROU,"LT,AT",Alavés,24,22,8,0,2,0,1,3,0,2.8,2.0,17,32,58
Luiz Henrique,br BRA,AT,Betis,22,14,6,0,3,0,0,1,0,1.2,1.6,35,17,58
Mario Hermoso,es ESP,ZG,Atlético Madrid,28,31,29,0,1,0,0,9,0,1.4,0.8,39,177,61
Javi Hernández ,es ESP,ZG,Cádiz,25,30,28,1,2,0,0,10,0,1.4,2.1,40,94,57
Aridane Hernández,es ESP,ZG,Rayo Vallecano,34,19,19,0,0,0,0,3,0,0.3,0.0,0,21,0
Luis Hernández,es ESP,ZG,Cádiz,34,9,8,1,0,0,0,4,0,1.0,0.4,2,31,1
Yarek Hernandis,es ESP,ZG,Valencia,18,14,7,0,0,0,0,1,0,0.0,0.0,4,15,10
Jorge Herrando,es ESP,ZG,Osasuna,22,19,18,0,1,0,0,4,0,0.4,0.2,3,35,1
Ander Herrera,es ESP,LT,Athletic Club,33,23,10,0,3,0,0,4,0,0.7,1.2,11,94,17
Cristian Herrera,es ESP,"AT,LT",Las Palmas,32,8,1,1,0,0,0,1,0,0.9,0.0,2,8,16
Sergio Herrera,es ESP,G,Osasuna,30,32,32,0,0,0,0,2,0,0.0,0.0,0,1,0
Yangel Herrera,ve VEN,LT,Girona,25,29,27,5,0,0,0,9,0,4.9,2.4,31,92,76
Juan Herzog,es ESP,ZG,Las Palmas,20,4,3,2,0,0,0,1,0,0.7,0.0,0,3,0
Martin Hongla,cm CMR,"LT,ZG",Granada,25,13,6,0,0,0,0,0,0,0.2,0.0,3,16,5
Xabier Huarte Armendáriz,es ESP,LT,Osasuna,22,1,0,0,0,0,0,0,0,0.0,0.0,0,1,0
Pablo Ibáñez,es ESP,LT,Osasuna,24,33,12,1,2,0,0,5,0,2.3,1.2,26,67,54
Iglesias,es ESP,"ZG,AT",Getafe,25,23,16,0,2,0,0,4,0,0.6,0.7,16,43,48
Borja Iglesias,es ESP,AT,Betis,30,11,4,0,1,0,0,2,0,0.6,0.9,5,12,32
Imanol,es ESP,ZG,Athletic Club,23,9,5,0,0,0,0,2,0,0.0,0.2,13,21,15
Isco,es ESP,LT,Betis,31,29,28,8,5,2,2,10,0,8.3,6.4,100,216,145
Diego Iturralde,es ESP,ZG,Sevilla,20,1,0,0,0,0,0,0,0,0.0,0.0,1,1,0
Adnan Januzaj,be BEL,"AT,LT",Sevilla,28,8,0,0,0,0,0,0,0,0.6,0.0,1,9,17
Mikel Jauregizar,es ESP,LT,Athletic Club,19,7,1,0,0,0,0,0,0,0.0,0.1,2,5,3
Luis Javier Suárez,co COL,AT,Almería,25,15,10,6,0,1,1,3,0,6.5,0.6,30,15,53
Salim El Jebari,ma MAR,LT,Atlético Madrid,19,1,0,0,0,0,0,0,0,0.0,0.0,1,0,1
Frenkie de Jong,nl NED,LT,Barcelona,26,20,20,2,0,0,0,7,0,0.7,2.2,69,168,38
Joan Jordán,es ESP,LT,Sevilla,29,8,4,0,0,0,0,1,0,0.2,0.0,0,32,1
Jordi,es ESP,"LT,ZG",Getafe,22,13,5,0,0,0,0,1,0,1.3,0.6,6,14,28
Jeremy Jorge,es ESP,AT,Getafe,20,1,0,0,0,0,0,0,0,0.0,0.0,0,0,0
Willian José,br BRA,AT,Betis,31,33,25,10,5,0,0,0,1,5.7,2.5,8,32,90
Joselu,es ESP,AT,Real Madrid,33,34,15,10,2,0,2,1,0,11.6,1.7,15,20,98
Kamil Jóźwiak,pl POL,LT,Granada,25,11,7,0,1,0,0,2,0,0.1,1.2,15,21,31
Juanmi,es ESP,AT,Cádiz,30,16,9,3,1,0,0,3,0,2.5,1.6,7,12,40
Juanpe,es ESP,ZG,Girona,32,17,6,0,0,0,0,4,0,0.2,0.0,3,14,0
Vinicius Júnior,br BRA,AT,Real Madrid,23,26,22,15,5,1,1,7,0,13.1,4.2,137,57,277
Filip Jørgensen,dk DEN,G,Villarreal,21,36,36,0,0,0,0,4,0,0.0,0.0,0,0,0
Sory Kaba,gn GUI,AT,Las Palmas,28,17,9,1,1,0,0,2,0,1.5,0.3,7,12,36
Kaiky,br BRA,ZG,Almería,19,8,5,1,0,0,0,2,0,0.2,0.0,4,24,1
Jon Karrikaburu,es ESP,"LT,AT",Alavés,20,2,0,0,0,0,0,0,0,0.0,0.0,0,0,1
Ibrahima Kebe,ml MLI,LT,Girona,22,2,0,0,0,0,0,1,0,0.0,0.0,0,0,1
Kiké,es ESP,"AT,LT",Alavés,33,33,15,3,2,0,1,3,0,7.7,2.0,18,32,97
Koke,es ESP,LT,Atlético Madrid,31,35,32,0,4,0,0,5,0,0.4,3.6,26,212,26
Ibrahima Koné,ml MLI,AT,Almería,24,9,2,0,0,0,0,0,0,0.4,0.1,5,3,18
Rominigue Kouamé,ml MLI,LT,Cádiz,26,16,9,0,0,0,0,2,0,0.3,0.1,16,34,5
Jules Koundé,fr FRA,ZG,Barcelona,24,35,32,1,2,0,0,4,0,2.0,2.2,67,245,64
Toni Kroos,de GER,LT,Real Madrid,33,33,24,1,8,0,0,3,0,1.6,4.9,32,290,29
Takefusa Kubo,jp JPN,"AT,LT",Real Sociedad,22,30,24,7,4,0,0,1,0,3.5,6.4,136,89,231
Luca de la Torre,us USA,LT,Celta Vigo,25,31,22,1,4,0,0,4,1,2.5,1.4,58,93,88
Yoel Lago,es ESP,ZG,Celta Vigo,19,1,1,0,0,0,0,0,0,0.0,0.0,0,2,0
Érik Lamela,ar ARG,"AT,LT",Sevilla,31,13,5,2,0,0,0,3,0,1.0,1.0,11,17,28
Bruno Langa,mz MOZ,ZG,Almería,25,11,9,1,0,0,0,1,1,0.2,0.4,14,25,30
Cyle Larin,ca CAN,AT,Mallorca,28,35,20,3,2,0,0,8,0,9.0,1.4,20,13,103
Juanmi Latasa,es ESP,AT,Getafe,22,32,15,2,0,0,0,7,1,3.6,1.5,7,16,82
Toni Lato,es ESP,ZG,Mallorca,25,28,16,0,1,0,0,3,0,0.2,1.3,30,39,110
Lázaro,br BRA,"AT,LT",Almería,21,14,2,0,0,0,0,0,0,0.9,0.5,5,6,34
Robin Le Normand,es ESP,ZG,Real Sociedad,26,29,28,2,0,0,0,13,0,1.0,0.1,21,106,1
Jeremías Ledesma,ar ARG,G,Cádiz,30,34,34,0,0,0,0,0,0,0.0,0.1,0,0,0
Florian Lejeune,fr FRA,ZG,Rayo Vallecano,32,37,37,3,1,0,0,5,0,3.3,0.7,15,114,4
Stefan Lekovic,rs SRB,ZG,Villarreal,19,1,0,0,0,0,0,0,0,0.0,0.0,0,0,0
Iñigo Lekue,es ESP,ZG,Athletic Club,30,27,22,0,2,0,0,4,0,0.2,1.1,44,119,35
Thomas Lemar,fr FRA,LT,Atlético Madrid,27,3,3,0,0,0,0,0,0,0.2,0.0,5,13,9
Álvaro Lemos,es ESP,ZG,Las Palmas,30,4,3,0,0,0,0,1,0,0.0,0.0,6,17,8
Ruben Lendinez,es ESP,ZG,Valencia,20,1,0,0,0,0,0,0,0,0.0,0.0,0,0,3
Robert Lewandowski,pl POL,AT,Barcelona,34,35,32,19,8,4,4,5,0,18.1,4.9,43,64,168
Samuel Lino,br BRA,"ZG,LT",Atlético Madrid,23,34,25,4,5,0,0,1,0,5.6,4.7,131,84,215
Javier Llabrés,es ESP,"LT,AT",Mallorca,20,16,1,1,0,0,0,1,0,0.7,0.3,9,5,30
Marcos Llorente,es ESP,"LT,ZG",Atlético Madrid,28,37,29,6,4,0,0,5,0,4.1,5.6,71,106,179
Enzo Loiodice,fr FRA,LT,Las Palmas,22,34,19,0,1,0,0,2,0,0.5,1.3,27,97,72
David López,es ESP,ZG,Girona,33,25,25,3,0,0,0,4,0,2.1,0.2,15,54,1
Diego López,es ESP,"LT,AT",Valencia,21,36,30,3,6,0,0,2,0,3.7,5.4,75,73,180
Fermin López,es ESP,"LT,AT",Barcelona,20,31,14,8,0,0,0,2,0,7.5,1.1,42,76,93
Javi López,es ESP,ZG,Alavés,21,32,25,1,3,0,0,3,0,0.9,3.0,53,92,120
Unai López,es ESP,LT,Rayo Vallecano,27,35,28,1,2,0,0,8,0,1.1,2.5,32,116,59
Dion Lopy,sn SEN,LT,Almería,21,30,23,0,0,0,0,5,0,1.3,1.2,23,90,19
Anthony Lozano,hn HON,"LT,AT",Getafe,30,6,0,0,0,0,0,1,0,0.2,0.3,0,1,6
Anthony Lozano,hn HON,AT,Almería,30,13,10,3,0,0,0,1,0,3.3,0.7,12,16,24
Lucas,br BRA,ZG,Cádiz,22,28,15,1,0,0,0,6,0,0.8,1.9,30,47,65
José Luis Gayà,es ESP,ZG,Valencia,28,24,22,1,2,0,0,2,0,0.5,2.6,41,72,97
José Luis Morales,es ESP,"AT,LT",Villarreal,36,29,8,7,0,0,0,0,0,5.6,0.6,29,17,79
Dodi Lukebakio,be BEL,"AT,LT",Sevilla,25,23,12,5,1,0,0,0,0,5.6,0.7,48,26,116
Andriy Lunin,ua UKR,G,Real Madrid,24,21,21,0,0,0,0,2,0,0.0,0.3,0,0,0
Darwin Machís,ve VEN,LT,Cádiz,30,21,10,4,0,1,1,0,1,1.4,0.7,20,15,54
Pablo Maffeo,es ESP,ZG,Mallorca,26,22,17,1,2,0,0,3,1,0.8,0.9,38,41,68
Jon Magunacelaya,es ESP,"AT,LT",Real Sociedad,23,5,1,0,0,0,0,0,0,0.3,0.5,2,2,10
Nemanja Maksimović,rs SRB,LT,Getafe,28,37,37,4,0,0,0,4,0,5.5,1.1,22,73,35
Giorgi Mamardashvili,ge GEO,G,Valencia,22,37,37,0,0,0,0,3,1,0.0,0.4,0,0,0
Wilson Manafá,pt POR,"ZG,LT",Granada,29,4,3,0,0,0,0,1,0,0.0,0.3,5,4,6
Reinildo Mandava,mz MOZ,ZG,Atlético Madrid,29,16,7,2,1,0,0,2,0,0.9,0.6,10,36,17
Aïssa Mandi,dz ALG,ZG,Villarreal,31,16,12,1,0,0,0,3,0,0.6,0.7,6,55,4
Javier Manquillo,es ESP,"ZG,LT",Celta Vigo,29,12,10,0,1,0,0,3,0,0.1,0.2,5,25,16
Faitout Maouassa,fr FRA,"ZG,LT",Granada,25,6,2,0,1,0,0,0,0,0.2,0.5,8,6,15
Marcão,br BRA,ZG,Sevilla,27,7,3,0,0,0,0,2,0,0.0,0.2,3,12,0
Óscar de Marcos,es ESP,ZG,Athletic Club,34,28,26,1,5,0,0,5,0,0.6,3.1,51,143,125
Alberto Marí,es ESP,AT,Valencia,22,16,2,1,1,1,1,0,0,1.8,0.9,2,6,13
José Mari,es ESP,"LT,AT",Cádiz,35,3,0,0,0,0,0,1,0,0.0,0.0,0,1,1
José María Giménez,uy URU,ZG,Atlético Madrid,28,22,14,0,0,0,0,5,0,0.4,0.1,2,26,1
Mariano,do DOM,"AT,LT",Sevilla,29,9,2,0,0,0,0,1,0,1.2,0.1,3,6,17
Rafa Marín ,es ESP,ZG,Alavés,21,33,27,0,0,0,0,6,0,0.7,0.3,13,77,6
Diego Mariño,es ESP,G,Almería,33,1,1,0,0,0,0,0,0,0.0,0.0,0,0,0
Mika Màrmol,es ESP,ZG,Las Palmas,21,36,36,0,1,0,0,6,1,0.2,1.0,36,142,13
Unai Marrero,es ESP,G,Real Sociedad,21,2,1,0,0,0,0,0,0,0.0,0.0,0,0,0
Roger Martí,es ESP,AT,Cádiz,32,23,18,2,3,0,0,3,0,2.8,2.9,7,19,64
Iván Martín,es ESP,LT,Girona,24,36,33,5,4,0,0,5,0,2.9,3.4,84,143,109
Jon Martin,es ESP,ZG,Real Sociedad,17,1,0,0,0,0,0,0,0,0.0,0.0,0,0,0
Mario Martín,es ESP,LT,Real Madrid,19,2,0,0,0,0,0,0,0,0.0,0.0,0,0,1
Arnau Martinez,es ESP,ZG,Girona,20,21,14,0,2,0,0,5,0,0.2,1.4,29,68,16
Iñigo Martínez,es ESP,ZG,Barcelona,32,20,13,0,0,0,0,5,0,0.4,0.0,33,97,5
Marc Martínez,es ESP,G,Granada,33,3,3,0,0,0,0,0,0,0.0,0.0,0,0,0
Marvin,es ESP,"AT,ZG",Las Palmas,23,31,17,0,2,0,0,5,0,0.9,2.5,60,36,177
Omar Mascarell,es ESP,LT,Mallorca,30,29,18,0,0,0,0,8,1,0.4,0.0,12,67,11
Jaime Mata,es ESP,"AT,LT",Getafe,34,35,22,5,1,0,0,10,1,5.6,1.5,16,19,138
Luís Maximiano,pt POR,G,Almería,24,33,33,0,0,0,0,1,0,0.0,0.0,0,0,0
Borja Mayoral,es ESP,AT,Getafe,26,27,25,15,1,4,4,2,0,11.9,1.4,27,67,100
Mamadou Mbaye,sn SEN,ZG,Cádiz,25,4,2,0,0,0,0,2,0,0.3,0.0,0,4,0
Hannibal Mejbri,tn TUN,LT,Sevilla,20,6,1,0,0,0,0,2,0,0.0,0.5,1,5,6
Óscar Melendo,es ESP,"LT,AT",Granada,25,26,15,0,0,0,0,2,0,0.4,0.5,21,38,33
Gonzalo Melero,es ESP,"LT,AT",Almería,29,28,10,1,1,0,0,3,0,2.0,1.2,23,49,33
Memphis,nl NED,AT,Atlético Madrid,29,23,9,5,1,0,0,2,0,5.8,1.8,16,27,82
Houboulang Mendes,gw GNB,ZG,Almería,25,7,4,0,0,0,0,0,0,0.0,0.0,5,9,6
Tomás Mendes,es ESP,LT,Alavés,18,1,0,0,0,0,0,0,0,0.0,0.0,0,0,0
Brais Méndez,es ESP,"LT,AT",Real Sociedad,26,32,27,5,6,0,0,7,0,4.2,4.2,45,128,121
Bruno Méndez,uy URU,ZG,Granada,23,17,15,2,0,0,0,4,0,0.6,0.1,8,47,14
Diego Méndez,es ESP,LT,Rayo Vallecano,19,1,0,0,0,0,0,0,0,0.0,0.0,1,1,0
Ferland Mendy,fr FRA,ZG,Real Madrid,28,23,21,0,0,0,0,5,0,0.2,0.9,19,84,96
Jorge Meré,es ESP,ZG,Cádiz,26,10,8,0,0,0,0,0,0,0.2,0.0,2,15,0
Mikel Merino,es ESP,LT,Real Sociedad,27,32,27,5,3,0,0,10,0,3.3,1.9,26,163,99
Omenuke Mfulu,cd COD,"LT,AT",Las Palmas,29,5,1,0,0,0,0,1,0,0.0,0.0,1,1,0
Miguel,es ESP,"AT,LT",Alavés,23,3,1,0,0,0,0,0,0,0.1,0.0,1,0,3
Éder Militão,br BRA,ZG,Real Madrid,25,10,6,0,0,0,0,0,0,0.1,0.0,7,15,2
Luis Milla,es ESP,LT,Getafe,28,27,25,0,1,0,0,6,0,0.6,1.7,31,121,35
Marko Milovanović,rs SRB,"AT,LT",Almería,19,11,2,1,0,0,0,0,0,1.5,0.1,2,3,13
Óscar Mingueza,es ESP,"ZG,LT",Celta Vigo,24,38,33,2,2,0,0,4,0,2.6,3.9,74,170,134
Ignasi Miquel,es ESP,ZG,Granada,30,34,33,1,1,0,0,5,0,1.4,1.2,8,83,8
Rafa Mir,es ESP,"AT,LT",Sevilla,26,15,3,2,0,0,0,1,0,1.4,0.3,3,2,16
Juan Miranda,es ESP,ZG,Betis,23,25,21,1,1,0,0,8,0,1.6,1.9,35,103,95
Stefan Mitrović,rs SRB,ZG,Getafe,33,11,9,1,0,0,0,3,0,0.1,0.3,4,19,2
Luka Modrić,hr CRO,LT,Real Madrid,37,32,18,2,6,0,0,2,0,1.3,5.5,53,196,85
Johan Mojica,co COL,ZG,Osasuna,30,30,22,0,3,0,0,1,0,1.0,2.6,57,82,117
Alberto Moleiro,es ESP,"AT,LT",Las Palmas,19,28,21,3,3,0,0,1,0,2.0,2.7,86,87,184
Nahuel Molina,ar ARG,ZG,Atlético Madrid,25,30,19,2,3,0,0,4,1,1.3,2.9,47,68,170
Jon Moncayola,es ESP,LT,Osasuna,25,33,21,1,3,0,0,2,1,0.6,2.3,14,99,46
César Montes,mx MEX,ZG,Almería,26,21,21,0,0,0,0,5,0,0.7,0.2,7,52,2
Álvaro Morata,es ESP,AT,Atlético Madrid,30,32,21,15,3,0,1,4,1,13.8,1.7,22,20,88
Alberto Moreno,es ESP,ZG,Villarreal,31,27,17,2,2,0,0,5,2,0.7,1.6,26,55,79
Gerard Moreno,es ESP,AT,Villarreal,31,30,28,10,6,2,3,0,0,9.7,5.3,48,155,199
Jorge Moreno,es ESP,ZG,Osasuna,22,1,0,0,0,0,0,0,0,0.0,0.0,0,0,0
Ilaix Moriba,gn GUI,"LT,AT",Getafe,20,14,8,0,2,0,0,5,1,0.3,0.6,8,21,19
Manu Morlanes,es ESP,LT,Mallorca,24,35,16,0,2,0,0,2,0,1.0,2.0,29,104,31
Cristhian Mosquera,co COL,ZG,Valencia,19,36,33,0,0,0,0,2,0,0.7,0.0,14,77,4
Yerson Mosquera,co COL,ZG,Villarreal,22,16,14,2,1,0,0,4,0,1.6,0.3,8,36,12
Abdul Mumin,gh GHA,ZG,Rayo Vallecano,25,20,19,1,0,0,0,5,1,0.4,0.3,6,38,4
Iker Muniain,es ESP,"LT,AT",Athletic Club,30,20,5,2,0,0,0,1,0,1.7,0.4,18,43,50
Aihen Muñoz,es ESP,ZG,Real Sociedad,25,21,11,0,2,0,0,2,0,0.3,2.0,24,39,23
Álvaro Muñoz,uy URU,AT,Real Madrid,19,1,0,0,0,0,0,0,0,0.0,0.0,0,0,0
Iker Muñoz,es ESP,LT,Osasuna,20,28,20,4,0,0,0,5,0,1.1,0.2,17,80,23
Javier Muñoz,es ESP,LT,Las Palmas,28,37,30,2,3,0,0,6,0,2.5,1.4,33,122,126
Vedat Muriqi,xk KVX,AT,Mallorca,29,29,25,7,2,1,3,5,0,10.4,2.6,20,40,134
Nacho,es ESP,ZG,Real Madrid,33,29,18,0,1,0,0,4,2,0.5,1.2,13,55,9
Matija Nastasić,rs SRB,ZG,Mallorca,30,26,25,2,0,0,0,8,0,1.0,0.6,11,64,4
Roberto Navarro,es ESP,"LT,AT",Cádiz,21,28,24,1,1,0,0,0,1,2.1,3.1,81,70,119
Jesús Navas,es ESP,ZG,Sevilla,37,29,25,0,2,0,0,6,1,0.1,1.9,54,103,141
Álvaro Negredo,es ESP,"AT,LT",Cádiz,37,7,0,0,0,0,0,0,0,0.1,0.1,0,0,0
Carlos Neva,es ESP,ZG,Granada,27,36,36,0,2,0,0,4,0,0.1,3.2,43,111,98
Tanguy Nianzou,fr FRA,ZG,Sevilla,21,8,3,0,0,0,0,3,0,0.0,0.0,2,14,1
Saúl Ñíguez,es ESP,LT,Atlético Madrid,28,34,14,1,4,0,0,10,1,1.5,3.2,21,34,43
Peru Nolaskoain,es ESP,"ZG,LT",Athletic Club,24,2,0,0,0,0,0,0,0,0.0,0.0,0,0,0
Randy Ntekja,ao ANG,"AT,LT",Rayo Vallecano,25,16,3,1,1,1,1,3,0,2.3,0.9,12,15,35
Unai Núñez,es ESP,ZG,Celta Vigo,26,34,31,1,0,0,0,4,0,1.4,0.8,10,106,2
Ørjan Nyland,no NOR,G,Sevilla,32,24,24,0,0,0,0,1,0,0.0,0.4,0,0,1
Jan Oblak,si SVN,G,Atlético Madrid,30,38,38,0,0,0,0,1,0,0.0,0.0,0,0,0
Brian Ocampo,uy URU,"LT,AT",Cádiz,24,13,1,1,0,0,0,2,0,0.3,0.1,18,9,25
Lucas Ocampos,ar ARG,"AT,LT",Sevilla,29,35,34,4,3,1,1,8,0,5.4,4.5,117,124,265
Álvaro Odriozola,es ESP,ZG,Real Sociedad,27,9,6,0,0,0,0,0,0,0.0,0.2,14,8,12
Aingeru Olabarrieta,es ESP,AT,Athletic Club,17,1,0,0,0,0,0,0,0,0.0,0.0,1,0,0
Olasagasti,es ESP,LT,Real Sociedad,22,14,2,0,0,0,0,3,0,0.9,0.3,8,13,12
Samuel Omorodion,es ESP,AT,Alavés,19,34,21,8,1,0,0,6,0,10.8,1.3,30,18,100
Samuel Omorodion,es ESP,AT,Granada,19,1,1,1,0,0,0,0,0,0.7,0.0,0,0,3
Aimar Oroz,es ESP,LT,Osasuna,21,33,26,2,1,1,1,3,0,3.5,1.6,52,103,126
Eneko Ortiz,es ESP,ZG,Alavés,20,1,0,0,0,0,0,0,0,0.0,0.0,1,1,1
Asier Osambela,es ESP,LT,Osasuna,19,1,0,0,0,0,0,0,0,0.0,0.0,0,0,1
Milutin Osmajić,me MNE,LT,Cádiz,24,1,0,0,0,0,0,0,0,0.1,0.0,0,0,0
Aiham Ousou,sy SYR,ZG,Cádiz,23,6,5,0,0,0,0,0,0,0.2,0.0,2,7,0
Jesús Owono,gq EQG,G,Alavés,22,4,4,0,0,0,0,1,0,0.0,0.0,0,0,0
Mikel Oyarzabal,es ESP,"AT,LT",Real Sociedad,26,33,23,9,3,2,2,3,0,9.1,1.7,27,39,126
Cenk Özkacar,tr TUR,ZG,Valencia,22,23,18,0,0,0,0,3,0,0.3,0.1,17,56,5
Jon Pacheco,es ESP,ZG,Real Sociedad,22,23,16,1,1,0,0,8,0,1.1,0.2,9,53,1
Isaac Palazón Camacho,es ESP,"LT,AT",Rayo Vallecano,28,37,34,4,1,2,2,8,0,5.9,1.9,40,128,152
Joaquín Panichelli,ar ARG,"AT,LT",Alavés,20,8,2,0,0,0,0,0,0,0.6,0.1,3,6,10
Sokratis Papastathopoulos,gr GRE,ZG,Betis,35,15,12,0,0,0,0,6,0,0.3,0.0,1,13,1
Victor Parada,es ESP,"AT,LT",Alavés,21,2,0,0,0,0,0,0,0,0.0,0.0,0,0,0
Aitor Paredes,es ESP,ZG,Athletic Club,23,34,31,1,0,0,0,9,1,1.2,0.2,6,107,1
Daniel Parejo,es ESP,LT,Villarreal,34,33,29,3,5,3,3,4,0,2.9,3.0,11,210,28
Pascu,es ESP,AT,Villarreal,20,1,0,0,0,0,0,0,0,0.0,0.0,0,2,1
Gabriel Paulista,br BRA,ZG,Atlético Madrid,32,5,5,0,0,0,0,1,0,0.2,0.1,1,7,0
Gabriel Paulista,br BRA,ZG,Valencia,32,18,16,0,0,0,0,6,1,0.4,0.2,2,33,2
Nicolás Paz,ar ARG,"LT,AT",Real Madrid,18,4,0,0,0,0,0,0,0,0.1,0.0,3,6,2
Alfonso Pedraza,es ESP,ZG,Villarreal,27,19,14,1,3,0,0,4,1,0.6,3.6,56,31,97
Pedri,es ESP,"LT,AT",Barcelona,20,24,16,4,2,0,0,3,0,3.1,4.2,41,136,81
Adrià Pedrosa,es ESP,ZG,Sevilla,25,31,15,1,4,0,0,1,0,0.7,3.2,46,61,109
Facundo Pellistri,uy URU,"LT,AT",Granada,21,15,14,2,1,0,0,2,1,2.5,1.2,33,22,96
Iñaki Peña ,es ESP,G,Barcelona,24,10,10,0,0,0,0,0,0,0.0,0.0,0,0,0
Marcos Peña,es ESP,LT,Almería,18,7,4,0,0,0,0,3,0,0.2,0.0,0,10,0
Rubén Peña,es ESP,"ZG,AT",Osasuna,32,29,26,0,2,0,0,3,0,0.9,2.6,62,78,147
Alberto Perea,es ESP,"LT,AT",Granada,32,2,0,0,0,0,0,0,0,0.0,0.1,0,2,1
Ayoze Pérez,es ESP,AT,Betis,30,31,29,9,1,0,0,4,0,7.4,3.9,90,80,175
Carles Pérez,es ESP,"LT,ZG",Celta Vigo,25,16,7,1,1,0,0,3,0,1.2,1.3,34,18,66
Francisco Perez,es ESP,"LT,AT",Valencia,20,32,27,1,4,0,0,4,0,1.1,2.6,59,41,145
Kike Pérez,es ESP,"LT,AT",Rayo Vallecano,26,24,9,1,0,0,0,7,0,1.9,0.6,17,47,42
Máximo Perrone,ar ARG,LT,Las Palmas,20,29,20,0,0,0,0,6,0,0.2,0.5,12,78,22
Njegoš Petrović,rs SRB,"LT,AT",Granada,24,10,0,0,0,0,0,0,0,0.0,0.1,3,8,3
Germán Pezzella,ar ARG,ZG,Betis,32,32,32,1,0,0,0,7,0,2.0,0.3,5,64,1
Kamil Piątkowski,pl POL,ZG,Granada,23,9,6,0,0,0,0,1,1,0.8,0.1,2,10,0
Yeremi Pino,es ESP,"LT,AT",Villarreal,20,7,7,0,0,0,0,4,0,1.4,0.2,11,10,49
Portu,es ESP,AT,Getafe,31,3,0,0,0,0,0,1,0,0.2,0.2,3,3,3
Portu,es ESP,"LT,AT",Girona,31,33,11,7,5,0,0,3,0,3.4,3.5,32,32,96
José Pozo,es ESP,LT,Rayo Vallecano,27,2,0,0,0,0,0,0,0,0.0,0.0,0,1,2
Alejandro Pozo Pozo,es ESP,"ZG,LT",Almería,24,21,9,0,0,0,0,3,0,0.4,0.6,22,44,62
Beñat Prados,es ESP,"LT,ZG",Athletic Club,22,26,16,0,0,0,0,1,0,0.5,0.5,23,87,30
Abdón Prats,es ESP,"AT,LT",Mallorca,30,34,11,6,1,0,0,4,0,3.2,2.4,9,26,49
Pubill,es ESP,ZG,Almería,20,23,22,1,3,0,0,2,0,0.7,1.5,59,36,85
Antonio Puertas,es ESP,"LT,AT",Granada,31,27,6,0,2,0,2,3,1,3.2,0.6,18,22,46
Arnau Puigmal,es ESP,"AT,ZG",Almería,22,11,3,0,0,0,0,3,0,0.0,0.3,4,8,17
Nemanja Radonjić,rs SRB,"LT,ZG",Mallorca,27,11,4,0,0,0,0,0,0,1.6,0.6,23,12,43
Aleksandar Radovanović,rs SRB,ZG,Almería,29,9,8,0,0,0,0,2,0,0.0,0.0,0,5,1
Abdellah Raihani,ma MAR,AT,Atlético Madrid,19,1,0,0,0,0,0,0,0,0.0,0.0,0,0,1
Antonio Raillo,es ESP,ZG,Mallorca,31,26,25,3,2,0,0,6,1,1.4,2.0,24,80,4
Predrag Rajković,rs SRB,G,Mallorca,27,36,36,0,0,0,0,2,0,0.0,0.2,0,0,0
Ivan Rakitić,hr CRO,LT,Sevilla,35,18,16,2,1,0,0,6,0,1.3,3.0,24,127,52
Largie Ramazani,be BEL,"AT,LT",Almería,22,29,16,3,5,0,0,11,2,4.7,5.7,59,42,104
Benito Ramírez,es ESP,"AT,LT",Las Palmas,28,20,2,1,1,0,0,0,0,0.4,0.5,13,5,46
Sandro Ramírez,es ESP,AT,Las Palmas,28,27,21,1,3,0,1,3,0,3.7,2.6,61,54,209
Chris Ramos,es ESP,"AT,LT",Cádiz,26,37,30,5,1,0,0,5,0,10.1,1.7,31,28,102
Sergio Ramos,es ESP,ZG,Sevilla,37,28,28,3,0,0,0,7,1,1.9,0.1,11,81,5
Raphinha,br BRA,"AT,LT",Barcelona,26,28,17,6,9,1,1,4,1,7.4,5.7,49,57,164
Andrei Ratiu,ro ROU,"ZG,LT",Rayo Vallecano,25,12,6,0,0,0,0,1,0,0.3,0.6,28,19,25
Raúl,es ESP,AT,Osasuna,22,35,13,6,1,0,0,4,0,4.9,0.6,16,22,68
Abderrahman Rebbach,dz ALG,"AT,LT",Alavés,24,23,6,1,0,0,0,1,0,0.8,1.8,34,14,78
Pepe Reina,es ESP,G,Villarreal,40,2,2,0,0,0,0,2,1,0.0,0.0,0,0,0
Álex Remiro,es ESP,G,Real Sociedad,28,37,37,0,0,0,0,3,1,0.0,0.0,0,1,0
Chadi Riad,ma MAR,ZG,Betis,20,26,24,0,0,0,0,1,0,0.7,0.2,4,34,1
Diego Rico,es ESP,ZG,Getafe,30,32,28,0,7,0,0,10,0,0.3,3.8,28,119,79
Luis Rioja,es ESP,"AT,LT",Alavés,29,37,31,5,4,3,4,4,0,6.1,3.9,70,77,173
Rodrigo Riquelme,es ESP,"ZG,LT",Atlético Madrid,23,34,17,3,5,0,0,1,0,2.7,3.1,87,53,166
Alberto Risco,es ESP,LT,Getafe,17,4,1,0,0,0,0,0,0,0.1,0.3,3,6,14
Mihailo Ristić,rs SRB,"ZG,LT",Celta Vigo,27,12,9,0,0,0,0,2,0,0.3,0.1,24,30,42
Gorka Rivera Alonso,es ESP,ZG,Getafe,18,1,0,0,0,0,0,0,0,0.0,0.0,0,0,0
Sergi Roberto,es ESP,"LT,ZG",Barcelona,31,14,10,3,2,0,0,4,0,1.7,0.8,13,50,33
Lucas Robertone,ar ARG,LT,Almería,26,33,29,0,5,0,0,11,0,1.0,2.5,31,128,37
Marc Roca,es ESP,LT,Betis,26,26,24,2,2,0,0,5,0,1.1,1.4,24,126,20
Sergio Rodelas,es ESP,"AT,ZG",Granada,18,3,2,0,1,0,0,0,0,0.0,1.1,3,1,5
Rodri,es ESP,"AT,LT",Betis,23,29,9,0,0,0,0,0,0,1.1,1.2,49,65,116
Óscar Rodríguez Arnaiz,es ESP,"LT,AT",Getafe,25,24,9,2,1,0,0,9,0,1.5,2.1,13,52,48
Damián Rodríguez,es ESP,LT,Celta Vigo,20,5,3,0,2,0,0,1,0,0.0,0.8,2,9,4
Dani Rodríguez,es ESP,LT,Mallorca,35,36,31,2,4,0,0,9,0,1.4,4.1,54,118,110
Guido Rodríguez,ar ARG,LT,Betis,29,24,22,2,0,0,0,6,0,0.7,0.8,8,65,18
Kirian Rodríguez,es ESP,LT,Las Palmas,27,37,36,6,2,0,0,8,0,2.1,1.6,46,296,78
Miguel Rodríguez,es ESP,LT,Celta Vigo,20,15,2,0,0,0,0,2,0,0.2,0.2,14,8,35
Rodrygo,br BRA,AT,Real Madrid,22,34,28,10,5,0,1,2,0,11.7,4.0,159,90,301
Carlos Romero,es ESP,ZG,Villarreal,21,7,2,0,0,0,0,1,0,0.4,0.0,6,6,21
Luka Romero,ar ARG,AT,Almería,18,13,5,3,0,0,0,2,0,1.3,0.1,11,14,20
Oriol Romeu,es ESP,LT,Barcelona,31,28,11,0,1,0,0,4,0,0.7,1.3,12,66,4
Unai Ropero,es ESP,LT,Alavés,21,1,0,0,0,0,0,0,0,0.0,0.0,0,0,0
Vitor Roque,br BRA,AT,Barcelona,18,14,2,2,0,0,0,4,1,2.5,0.0,12,2,26
Antonio Rüdiger,de GER,ZG,Real Madrid,30,33,30,1,0,0,0,7,0,1.5,1.2,17,88,1
Javier Rueda Garcia,es ESP,"LT,ZG",Celta Vigo,21,1,0,0,0,0,0,0,0,0.0,0.0,0,1,2
Aitor Ruibal,es ESP,"ZG,AT",Betis,27,18,11,2,1,0,0,5,0,0.8,1.3,22,54,50
Sergio Ruiz,es ESP,LT,Granada,28,35,30,0,4,0,0,9,0,0.7,1.3,34,113,23
Youssouf Sabaly,sn SEN,ZG,Betis,30,12,12,0,1,0,0,2,0,0.1,0.5,31,47,43
Umar Sadiq,ng NGA,AT,Real Sociedad,26,26,12,3,1,0,0,4,0,3.6,1.1,18,13,74
Pablo Saenz,,LT,Granada,,1,0,0,0,0,0,0,0,0.0,0.0,0,2,0
Kike Salas,es ESP,ZG,Sevilla,21,23,19,3,0,0,0,10,0,0.8,0.5,11,61,16
Salvi,es ESP,LT,Rayo Vallecano,32,1,0,0,0,0,0,0,0,0.0,0.0,2,0,2
Diadie Samassékou,ml MLI,LT,Cádiz,27,4,0,0,0,0,0,0,0,0.0,0.0,2,7,1
Fede San Emeterio,es ESP,LT,Cádiz,26,4,3,1,0,0,0,1,1,0.1,0.1,0,4,0
Marciano Sanca,gw GNB,"AT,LT",Almería,19,6,0,0,0,0,0,0,0,0.0,0.0,1,1,3
Oihan Sancet,es ESP,LT,Athletic Club,23,30,25,4,5,0,1,5,2,6.3,4.7,76,121,157
Ricard Sánchez ,es ESP,ZG,Granada,23,33,25,3,0,0,0,8,0,1.0,1.9,49,84,103
Antonio Sánchez,es ESP,LT,Mallorca,26,29,21,3,1,0,0,3,0,2.5,0.8,35,57,61
Juanlu Sánchez,es ESP,ZG,Sevilla,19,26,11,0,2,0,0,2,0,0.9,1.1,42,50,112
Manu Sánchez,es ESP,"ZG,LT",Celta Vigo,22,26,20,0,5,0,0,3,0,0.5,2.7,41,74,67
Jesús Santiago,es ESP,LT,Getafe,19,14,8,1,0,0,0,4,0,0.6,0.4,5,15,12
Paco Sanz,es ESP,ZG,Almería,18,1,0,0,0,0,0,0,0,0.0,0.0,0,0,0
Stefan Savić,me MNE,ZG,Atlético Madrid,32,23,19,0,0,0,0,7,1,0.3,0.1,14,66,2
Sávio,br BRA,"AT,LT",Girona,19,37,35,9,10,0,0,5,0,6.1,7.9,181,93,372
Manuel Sebastián,es ESP,LT,Sevilla,19,4,1,0,0,0,0,1,0,0.0,0.1,1,3,1
Aleksandar Sedlar,rs SRB,ZG,Alavés,31,11,11,1,0,0,0,2,0,0.3,0.1,6,26,1
André Silva,pt POR,AT,Real Sociedad,27,19,9,3,0,1,1,1,0,3.3,0.3,5,7,44
Rui Silva,pt POR,G,Betis,29,28,28,0,0,0,0,4,0,0.0,0.0,0,1,1
Giuliano Simeone,ar ARG,AT,Alavés,20,14,6,1,2,0,1,1,0,2.4,2.0,25,24,47
Unai Simón,es ESP,G,Athletic Club,26,36,36,0,0,0,0,2,0,0.0,0.0,0,0,0
Daley Sinkgraven,nl NED,ZG,Las Palmas,28,11,6,0,0,0,0,0,1,0.0,0.0,3,17,8
Jailson Siqueira,br BRA,"ZG,LT",Celta Vigo,27,14,9,0,1,0,0,1,0,0.2,0.5,16,38,8
Antonio Sivera,es ESP,G,Alavés,26,34,34,0,0,0,0,3,0,0.0,0.1,0,0,0
Rubén Sobrino,es ESP,"LT,AT",Cádiz,31,32,18,0,1,0,0,8,1,1.8,2.3,27,34,78
Alex Sola,es ESP,"AT,LT",Alavés,24,29,14,0,3,0,0,2,0,1.6,2.3,40,42,103
Alex Sola,es ESP,"ZG,LT",Real Sociedad,24,2,0,0,0,0,0,0,0,0.0,0.0,1,1,0
Jhon Solis,co COL,LT,Girona,18,18,2,0,0,0,0,0,0,1.0,0.3,9,22,13
David Soria,es ESP,G,Getafe,30,38,38,0,0,0,0,3,0,0.0,0.0,0,0,0
Alberto Soro,es ESP,LT,Granada,24,1,0,0,0,0,0,0,0,0.0,0.0,0,0,0
Hugo Sotelo,es ESP,LT,Celta Vigo,19,17,8,0,1,0,0,1,0,0.3,1.6,16,55,13
Boubakary Soumaré,fr FRA,LT,Sevilla,24,28,26,0,1,0,0,10,0,0.0,0.9,29,102,22
Djibril Sow,ch SUI,LT,Sevilla,26,24,18,1,1,0,0,6,0,1.5,0.8,25,73,45
Çağlar Söyüncü,tr TUR,ZG,Atlético Madrid,27,6,1,0,0,0,0,0,1,0.0,0.0,2,6,0
Carl Starfelt,se SWE,ZG,Celta Vigo,28,27,26,1,0,0,0,4,0,1.4,0.2,5,38,1
Jørgen Strand Larsen,no NOR,AT,Celta Vigo,23,37,36,13,3,0,0,5,0,14.5,2.5,33,25,183
Cristhian Stuani,uy URU,AT,Girona,36,31,5,9,3,0,0,6,0,9.6,1.9,3,5,24
Álex Suárez,es ESP,ZG,Las Palmas,30,32,30,2,0,0,0,7,0,1.2,0.2,12,109,15
Damián Suárez,uy URU,ZG,Getafe,35,16,15,0,2,0,0,7,1,0.3,0.8,20,58,47
Denis Suárez,es ESP,"LT,AT",Villarreal,29,4,1,0,0,0,0,0,0,0.1,0.3,4,13,7
Suso,es ESP,"LT,AT",Sevilla,29,29,15,1,4,0,0,5,1,1.4,3.9,41,110,109
Max Svensson,es ESP,AT,Osasuna,,1,0,0,0,0,0,0,0,0.0,0.0,0,0,0
Williot Swedberg,se SWE,"AT,LT",Celta Vigo,19,15,4,5,0,0,0,1,0,2.3,0.2,7,6,26
Mamadou Sylla,sn SEN,"AT,LT",Alavés,29,2,0,0,0,0,0,0,0,0.0,0.0,0,1,1
Alexander Sørloth,no NOR,AT,Villarreal,27,34,30,23,6,0,0,3,0,12.3,4.4,48,40,159
Yassin Tallal,es ESP,AT,Getafe,18,1,0,0,0,0,0,0,0,0.0,0.0,1,0,1
Renato Tapia,pe PER,"LT,ZG",Celta Vigo,28,21,15,0,0,0,0,5,1,1.0,0.6,9,61,14
César Tárrega,es ESP,ZG,Valencia,21,1,0,0,0,0,0,0,0,0.0,0.0,0,0,0
Aurélien Tchouaméni,fr FRA,"LT,ZG",Real Madrid,23,27,22,3,1,0,0,7,0,1.3,0.9,28,111,15
Nahuel Tenaglia,ar ARG,ZG,Alavés,27,25,11,1,0,0,0,5,0,0.6,0.5,17,45,24
Marc-André ter Stegen,de GER,G,Barcelona,31,28,28,0,0,0,0,3,0,0.0,0.1,0,1,0
Ramón Terrats,es ESP,"LT,ZG",Villarreal,22,19,6,0,2,0,0,4,0,0.4,1.6,19,38,54
Kieran Tierney,sct SCO,ZG,Real Sociedad,26,20,14,0,2,0,0,1,0,0.2,0.6,22,77,39
Raúl de Tomás,es ESP,AT,Rayo Vallecano,28,25,15,1,2,1,1,5,0,3.4,1.3,11,23,73
Pablo Torre,es ESP,"LT,AT",Girona,20,26,4,0,2,0,0,1,0,0.8,0.9,25,65,40
Raúl Torrente,es ESP,ZG,Granada,21,17,14,0,0,0,0,4,0,0.2,0.4,4,33,2
Ferrán Torres,es ESP,AT,Barcelona,23,29,12,7,2,0,0,2,0,5.5,2.7,30,44,113
Óliver Torres,es ESP,LT,Sevilla,28,27,18,0,1,0,0,3,0,0.5,2.2,40,96,110
Lucas Torró,es ESP,LT,Osasuna,29,28,21,1,0,0,0,5,0,1.5,0.6,3,60,15
Bertrand Traoré,bf BFA,LT,Villarreal,27,11,6,1,0,0,0,4,0,0.9,0.4,29,30,63
Hamari Traoré,ml MLI,ZG,Real Sociedad,31,31,27,0,2,0,0,7,0,0.5,1.5,49,129,83
Óscar Trejo,ar ARG,"AT,LT",Rayo Vallecano,35,31,19,0,0,0,0,4,1,0.9,1.3,28,124,81
Manu Trigueros,es ESP,LT,Villarreal,31,14,2,0,0,0,0,0,0,0.5,0.2,7,20,13
Viktor Tsyhankov,ua UKR,"LT,AT",Girona,25,30,26,8,7,0,0,0,0,6.2,5.9,65,89,226
Beñat Turrientes,es ESP,LT,Real Sociedad,21,29,19,0,1,0,0,4,0,1.2,0.5,26,51,31
Enes Ünal,tr TUR,"AT,LT",Getafe,26,3,1,0,1,0,0,0,0,0.1,0.4,2,1,7
Myrto Uzuni,al ALB,AT,Granada,28,34,28,11,1,4,5,3,0,12.9,2.6,21,18,90
Óscar Valentín,es ESP,LT,Rayo Vallecano,28,34,32,1,0,0,0,7,1,1.7,0.6,24,132,11
Martin Valjent,sk SVK,ZG,Mallorca,27,28,28,0,1,0,0,5,0,0.3,0.9,22,61,27
Jesús Vallejo,es ESP,ZG,Granada,26,3,1,0,0,0,0,1,0,0.0,0.0,1,2,0
Álvaro Vallés,es ESP,G,Las Palmas,26,37,37,0,0,0,0,2,1,0.0,0.0,0,5,0
Federico Valverde,uy URU,LT,Real Madrid,25,37,33,2,7,0,0,2,0,3.5,5.8,104,231,102
Siebe Van Der Heyden,be BEL,ZG,Mallorca,25,6,4,0,0,0,0,2,1,0.2,0.0,1,1,1
José Luis García Vayá,es ESP,LT,Valencia,24,37,37,7,1,7,8,4,0,7.3,3.2,30,251,43
Borja Vázquez,es ESP,AT,Cádiz,18,1,0,0,0,0,0,0,0,0.0,0.1,0,1,1
Jesus Vazquez,es ESP,"ZG,LT",Valencia,20,20,6,1,0,0,0,1,0,1.2,0.1,13,15,29
Kevin Vázquez,es ESP,ZG,Celta Vigo,30,12,10,0,0,0,0,3,0,0.0,0.2,6,28,20
Lucas Vázquez,es ESP,ZG,Real Madrid,32,29,14,3,6,0,0,0,0,1.2,3.8,28,58,160
Gabriel Veiga,es ESP,AT,Celta Vigo,21,1,0,0,0,0,0,0,0,0.0,0.0,0,0,1
Alejo Véliz,ar ARG,AT,Sevilla,19,6,0,0,0,0,0,0,0,0.2,0.0,0,0,1
Arthur Vermeeren,be BEL,LT,Atlético Madrid,18,5,2,0,0,0,0,2,0,0.0,0.1,2,7,7
Mikel Vesga,es ESP,LT,Athletic Club,30,27,18,3,1,2,2,2,0,2.7,1.2,10,88,29
Carlos Vicente,es ESP,AT,Alavés,24,18,12,2,4,0,0,1,0,2.3,3.7,23,23,82
Nacho Vidal,es ESP,"ZG,AT",Osasuna,28,7,0,1,0,0,0,0,0,0.3,0.0,0,1,4
Nacho Vidal,es ESP,ZG,Mallorca,28,8,5,0,0,0,0,2,0,1.0,0.2,5,15,31
Fran Vieites,es ESP,G,Betis,24,4,3,0,0,0,0,0,0,0.0,0.0,0,0,0
Jonathan Viera,es ESP,"LT,AT",Las Palmas,33,9,7,2,1,2,2,1,0,2.3,1.0,26,65,37
Jonathan Viera,es ESP,LT,Almería,33,12,12,0,3,0,0,3,1,1.3,2.7,35,68,29
Toni Villa,es ESP,AT,Girona,28,2,0,0,0,0,0,0,0,0.0,0.0,1,1,3
Asier Villalibre,es ESP,AT,Athletic Club,25,18,4,2,1,0,0,0,0,1.7,1.0,6,10,29
Gonzalo Villar,es ESP,LT,Granada,25,35,21,1,3,0,0,7,0,1.9,2.2,27,74,27
Iván Villar,es ESP,G,Celta Vigo,26,12,12,0,0,0,0,0,2,0.0,0.1,0,0,0
Ricardo Visus,es ESP,ZG,Betis,22,3,1,0,0,0,0,0,0,0.0,0.0,0,2,0
Daniel Vivian,es ESP,ZG,Athletic Club,24,33,31,0,0,0,0,6,0,0.6,0.7,23,123,4
Shon Weissman,il ISR,AT,Granada,27,5,0,0,0,0,0,0,0,0.0,0.0,1,1,1
Iñaki Williams,gh GHA,AT,Athletic Club,29,34,32,12,3,0,0,4,0,9.4,6.3,114,78,333
Nico Williams,es ESP,AT,Athletic Club,21,31,29,5,11,0,0,6,1,6.0,5.7,143,66,302
Axel Witsel,be BEL,ZG,Atlético Madrid,34,35,30,2,0,0,0,5,0,1.0,0.3,17,89,8
Xeber,es ESP,"AT,LT",Alavés,26,10,3,0,0,0,0,1,0,0.4,0.6,6,6,30
Antal Yaakobishvili,hu HUN,ZG,Girona,19,1,0,0,0,0,0,0,0,0.0,0.3,0,0,0
Lamine Yamal,es ESP,AT,Barcelona,16,37,22,5,5,0,0,3,0,5.2,6.2,123,80,350
Roman Yaremchuk,ua UKR,AT,Valencia,27,25,11,3,0,0,0,2,0,4.6,0.1,12,20,46
Arsen Zakharyan,ru RUS,"LT,AT",Real Sociedad,20,29,15,1,2,0,0,1,0,2.4,2.1,28,47,88
Joseba Zaldúa,es ESP,ZG,Cádiz,31,13,9,0,0,0,0,3,0,0.0,0.5,7,15,33
Bryan Zaragoza,es ESP,"LT,AT",Granada,22,21,18,6,2,1,1,5,0,3.8,3.3,100,36,127
Igor Zubeldia,es ESP,ZG,Real Sociedad,26,30,29,0,2,0,0,11,1,0.8,1.1,28,129,0
Martín Zubimendi,es ESP,LT,Real Sociedad,24,31,29,4,1,0,0,5,0,2.7,1.5,34,152,27
